2085,steam:11000013526d478,none,Cayler,John,Mecano,0,inconnue,m,1,Maillard,Jade,2018/10/09
2087,steam:11000013415671b,none,Ryan,Jackson,Ambulancier,0,inconnue,Rea + Véhicule,1,Jacquet,Marcel,2018/10/23
2088,steam:110000116f682fd,none,Enzo,Beaudevin,Ambulancier,0,inconnue,Soin,2,Jacquet,Marcel,2018/10/24
2089,steam:1100001080f8829,none,Petit,Rylan ,Ambulancier,0,inconnue,Rea + véhicule,1,Jacquet,Marcel,2018/10/24
2090,steam:1100001359dac6e,none,Gus,Juan,Ambulancier,0,inconnue,Rea + soin,2,Jacquet,Marcel,2018/10/25
2091,steam:110000116bdb8f2,none,COURANT,Frédéric,Ambulancier,0,inconnue,Véhicule + Rea + Opé,2,Jacquet,Marcel,2018/10/26
2092,steam:110000103a0a73f,none,Storm,Trevis,Ambulancier,0,inconnue,trevis,1,Lady,Tes,2018/10/30
2093,steam:1100001347f4a87,none,Kane,Mc Derby ,Ambulancier,0,inconnue,kane mcderby,2,Lady,Tes,2018/10/30
2094,steam:110000116bdb8f2,none,COURANT,Frédéric,Ambulancier,0,inconnue,Mr. x,1,Lady,Tes,2018/10/30
2096,steam:11000010a0baaf6,none,Carter,Jimmy,Mecano,0,inconnue,1,2,Wayne,Tiggs,2018/11/01
2097,steam:110000117015d2b,none,Lady,Tes,Ambulancier,0,inconnue,Test facture n1,1,Camlann,Adam,2018/11/02
2099,steam:1100001141c3aa2,none,Lavigne,Bryan,Ambulancier,0,inconnue,soins et déplacement,1,dubois,jean-louis,2018/11/04
2100,steam:110000116bdb8f2,none,COURANT,Frédéric,Ambulancier,0,inconnue,radio et soins mr courant frédéric,1,dubois,jean-louis,2018/11/04
2101,steam:110000116bdb8f2,none,COURANT,Frédéric,Ambulancier,0,inconnue,1,2,Lady,Tes,2018/11/06
2102,steam:1100001320c6ebf,none,Roblin,Thierry,Ambulancier,0,inconnue,x,2,Lady,Tes,2018/11/19
2103,steam:1100001072811d2,none,Connor,Karim,Ambulancier,0,inconnue,Rea+déplacement karim connord coma désidratation,2,Camlann,Adam,2018/11/20
2104,steam:11000010b395735,none,Okou,Gnoukari,Mecano,0,inconnue,10500,2,Black,Ayden,2018/11/26
2105,steam:110000103a0a73f,none,Storm,Trevis,Mecano,0,inconnue,5,1,Black,Ayden,2018/11/26
2107,steam:11000010e281d6b,none,Chock,Enzo,Ambulancier,0,inconnue,reanimation,1,Xiao ,Bojing,2018/11/30
2108,steam:1100001357d7e23,none,Lahez,Abdel,Ambulancier,0,inconnue,reanimation,2,Xiao ,Bojing,2018/11/30
2109,steam:1100001161c9eb2,none,Elpablo,Jackie,Ambulancier,0,inconnue,reanimation,1,Xiao ,Bojing,2018/11/30
2110,steam:11000010b3edd80,none,demalbouche,freddy,Ambulancier,0,inconnue,COMA + soin hopitale,2,Xiao ,Bojing,2018/11/30
2112,steam:1100001075f1b9a,none,BONIFACE	,LEON,Ambulancier,0,inconnue,reanimation,1,Xiao ,Bojing,2018/12/01
2113,steam:110000109b59383,none,Podo,Jean,Ambulancier,0,inconnue,reanimation,2,Xiao ,Bojing,2018/12/01
2114,steam:11000011219f1f6,none,Beneventi,Mia,Mecano,0,inconnue,zq,1,Tunner,Abdel,2018/12/03
2117,steam:11000010652eb72,none,Ardo,Rick,Mecano,0,inconnue,Fail,2,Tunner,Abdel,2018/12/06
2118,steam:11000010e0bd43d,none,Gambino,Rico,Mecano,0,inconnue,1,1,Bogota,Oscar Carlito Enrique,2018/12/14
2119,steam:1100001161c9eb2,none,Elpablo,Jackie,Ambulancier,0,inconnue,Réanimation,1,Price,Walker,2018/12/15
2120,steam:11000010e0bd43d,none,Gambino,Rico,Ambulancier,0,inconnue,.,1,Price,Walker,2018/12/15
2121,steam:11000010e0bd43d,none,Gambino,Rico,Ambulancier,0,inconnue,2,1,Price,Walker,2018/12/15
2124,steam:11000011222000e,none,Bogota,Oscar Carlito Enrique,Ambulancier,0,inconnue,7000,1,Price,Walker,2018/12/15
2125,steam:11000010d9aa86f,none,Michkive,François,Ambulancier,0,inconnue,7000,1,Price,Walker,2018/12/15
2126,steam:1100001072811d2,none,Connor,Karim,Ambulancier,0,inconnue,7000,2,Price,Walker,2018/12/15
2127,steam:110000103a0a73f,none,Storm,Trevis,Ambulancier,0,inconnue,7000,1,Price,Walker,2018/12/15
2128,steam:11000011254f7db,none,Luciano,Pablo ,Ambulancier,0,inconnue,5000,1,Gambino,Pablo,2018/12/15
2129,steam:110000116f68242,none,Moud,Mah,Ambulancier,0,inconnue,1,2,Price,Walker,2018/12/19
2130,steam:11000011254f7db,none,Luciano,Pablo ,Ambulancier,0,inconnue,soins + déplacement,1,COURANT,Frédéric,2018/12/21
2131,steam:110000113baa5ff,none,Cova,Blada,Ambulancier,0,inconnue,a ne pas prendre en compte,2,Benmoktar,Mourad,2018/12/22
2132,steam:110000113baa5ff,none,Cova,Blada,Ambulancier,0,inconnue,1,2,Benmoktar,Mourad,2018/12/24
2134,steam:110000112a98086,none,Curry,Stephane,Ambulancier,0,inconnue,2,2,ALI,Djibril,2019/01/22
2135,steam:110000103570479,none,Kosvenko,Andrei,Ambulancier,0,inconnue,dsl,2,Shuka,Anatoli,2019/02/16
2136,steam:110000103570479,none,Kosvenko,Andrei,Ambulancier,0,inconnue,TESTE,2,Shuka,Anatoli,2019/02/16
2137,steam:11000013685c3cb,none,GHEDHAB,RAYANE,Ambulancier,0,inconnue,inter,2,Kosvenko,Andrei,2019/02/20
2138,steam:11000010c521fe9,none,Dalmasso,Axel,Ambulancier,0,inconnue,INTER,2,Kosvenko,Andrei,2019/02/23
2139,steam:1100001161c9eb2,none,Elpablo,Jackie,Mecano,0,inconnue,Erreur,2,Shlag,Carpo,2019/03/12
2140,steam:110000111437656,none,Delamare,Charly,Ambulancier,0,inconnue,m,1,Stark,Harry,2019/03/14
2141,steam:110000116fa4573,none,Albrat,James,Ambulancier,0,inconnue,m,0,Stark,Harry,2019/03/14
2142,steam:11000010f19c6c9,none,AIZ,YANIS,Mecano,0,inconnue,Frais de deplacement,1,Khalifa,Djadja ,2019/03/16
2143,steam:11000011125db40,none,Zidi,Mokhtar,Mecano,0,inconnue,1,0,LEMIR,KADER,2019/03/16
2144,steam:11000010e84de23,none,Khalifa,Djadja ,Ambulancier,0,inconnue,soin réa ,1,Beshop,Jason,2019/03/17
2145,steam:110000102b6df4f,none,Oaï,Marius,Ambulancier,0,inconnue,Réa + soins + médoc + collier au cou [ blessur a moto ],2,Beshop,Jason,2019/03/17
2146,steam:110000114328b8e,none,Sucre,Fernando,Ambulancier,0,inconnue,soin pour coma,1,Ferreira,Nathan,2019/03/17
2147,steam:11000010c3f355e,none,Vegas,William,Ambulancier,0,inconnue,soin coma,1,Ferreira,Nathan,2019/03/17
2148,steam:1100001129d31d7,none,Delacour,Jean,Ambulancier,0,inconnue,Soin réa + agent,2,Beshop,Jason,2019/03/17
2149,steam:1100001028a971d,none,Dikson,Tomas,Ambulancier,0,inconnue,Soin et deplacement,2,Beshop,Jason,2019/03/18
2150,steam:110000133afe01a,none,mustang,roy,Ambulancier,0,inconnue,soins rea depla,0,Beshop,Jason,2019/03/18
2151,steam:11000010b395735,none,Charpentier,Gerard,Ambulancier,0,inconnue,Réa + Dépla,0,Beshop,Jason,2019/03/18
2152,steam:1100001323691b6,none,corss,Julien,Ambulancier,0,inconnue,Soins chutte et déplacement,1,Beshop,Jason,2019/03/18
2153,steam:1100001323691b6,none,corss,Julien,Ambulancier,0,inconnue,Soins + dépla,1,Beshop,Jason,2019/03/18
2154,steam:110000117015d2b,none,Mike,Holifield,Ambulancier,0,inconnue,radio ,0,Ferreira,Nathan,2019/03/18
2155,steam:11000011125db40,none,Zidi,Mokhtar,Ambulancier,0,inconnue,soin,2,Ferreira,Nathan,2019/03/18
2156,steam:11000010ce5670a,none,GAVIRIA,Emilio,Ambulancier,0,inconnue,Déplà et réa ,1,Beshop,Jason,2019/03/18
2157,steam:110000114536c09,none,Devin,Jean,Ambulancier,0,inconnue,deed,0,Beshop,Jason,2019/03/18
2158,steam:110000114536c09,none,Devin,Jean,Ambulancier,0,inconnue,Soins medoc,0,Beshop,Jason,2019/03/18
2159,steam:110000133be1228,none,pastel,richard,Ambulancier,0,inconnue,soins perf depla,1,Beshop,Jason,2019/03/18
2160,steam:1100001164eeb78,none,yagami,neo,Ambulancier,0,inconnue,collier servical et deplace;ent,1,pastel,richard,2019/03/18
2161,steam:1100001161c9eb2,none,Elpablo,Jackie,Ambulancier,0,inconnue,soins,0,pastel,richard,2019/03/18
2162,steam:110000109b19569,none,Beshop,Jason,Ambulancier,0,inconnue,soin,2,Ferreira,Nathan,2019/03/19
2163,steam:11000010bef77b4,none,Hijab,Winston,Ambulancier,0,inconnue,soin,0,Ferreira,Nathan,2019/03/19
2164,steam:1100001128b3639,none,Bourdin,Gregoire,Ambulancier,0,inconnue,Depla et soins,0,Beshop,Jason,2019/03/19
2165,steam:110000112f287c1,none,Rina,Jack,Ambulancier,0,inconnue,infection urinaire depla + rea,1,pastel,richard,2019/03/20
2166,steam:1100001007704ac,none,Herrera,Pacho,Ambulancier,0,inconnue,soins +deplace;ent,0,pastel,richard,2019/03/21
2167,steam:1100001166805e6,none,Morin,Steven,Ambulancier,0,inconnue,bug,0,Kingston,Marley,2019/03/22
2168,steam:1100001166805e6,none,Morin,Steven,Ambulancier,0,inconnue,Soin du pied + bandage et creme ,1,Kingston,Marley,2019/03/22
2169,steam:110000104219a0a,none,PABLITO,Aurengo,Ambulancier,0,inconnue,ambulance+reanimation+soin,0,Bouckakeht,Adhiambo,2019/03/23
2170,steam:110000110a93662,none,Light,Tyler,Mecano,0,inconnue,fourriere,1,Morel,Ryan,2019/03/23
2171,steam:110000114328b8e,none,Sucre,Fernando,Ambulancier,0,inconnue,ambulance + reanimation,1,Bouckakeht,Adhiambo,2019/03/23
2172,steam:110000112911cc3,none,Stark,Harry,Mecano,0,inconnue,a,0,Morel,Ryan,2019/03/24
2173,steam:11000010b257802,none,Washington,Clark,Mecano,0,inconnue,1,1,Vikatchev,Sacha,2019/03/26
2174,steam:110000136229ac5,none,Kabu,Oumarov,Ambulancier,0,inconnue,tets,0,JJ,Lascoumoune,2019/03/28
2175,steam:11000010b3b2c48,none,Dylan,LeGros,Mecano,0,inconnue,m,0,Elpablo,Tony,2019/03/30
2176,steam:110000109b19569,none,Beshop,Jason,Ambulancier,0,inconnue,Soins,1,JJ,Lascoumoune,2019/04/02
2177,steam:11000013995049c,none,Ferreira,Nathan,Mecano,0,inconnue,Plaquette de frain,1,Vendess,Hakim,2019/04/12
2178,steam:110000112d6a726,none,Magna,malf,Mecano,0,inconnue,1,1,Vendess,Hakim,2019/04/12
2179,steam:110000115cde636,none,Vendess,Hakim,Mecano,0,inconnue,Réparation,1,Magna,malf,2019/04/12
2180,steam:110000112d6a726,none,Magna,malf,Mecano,0,inconnue,1,2,Vendess,Hakim,2019/04/12
2181,steam:11000013995049c,none,Ferreira,Nathan,Mecano,0,inconnue,Réparations,1,Magna,malf,2019/04/13
2182,steam:110000107fa453c,none,Czajkowski,Arnold,Ambulancier,0,inconnue,Arnold Reanimation,1,Gordon,Luke,2019/04/14
2183,steam:1100001124f5567,none,Curtis,Brook,Mecano,0,inconnue,1,0,Vendess,Hakim,2019/04/16
2184,steam:110000111b7f3d4,none,Garcia,Tonio,Ambulancier,0,inconnue,rea +Trajet,0,Maslov,Dimitri,2019/04/23
2185,steam:11000010b731831,none,Mimosa,Baptiste,Ambulancier,0,inconnue,Rea+trajet,0,Maslov,Dimitri,2019/04/23
2186,steam:1100001360b192d,none,WINSTON,Bobby,Ambulancier,0,inconnue,Trajet.+rea,0,Maslov,Dimitri,2019/04/23
2187,steam:110000111e5ab30,none,Eva,Grist,Ambulancier,0,inconnue,1,0,Desnet,Billy,2019/04/30
2188,steam:1100001161c9eb2,none,Elpablo,Jackie,Ambulancier,0,inconnue,test,0,Dumas,Mathieu,2019/05/02
2193,steam:110000108378030,chequier,"","",inconnue,5,inconnue,0,0,"","",
